date,description,amount
2026-01-02,Opening Balance - Carried Forward,0.00
2026-01-03,SALARY CREDIT - INFOSYS LTD,62000.00
2026-01-04,RENT PAYMENT - PRESTIGE APARTMENTS,-18000.00
2026-01-05,BIGBASKET - GROCERY DELIVERY,-1840.00
2026-01-06,OLA CABS,-180.00
2026-01-07,NETFLIX SUBSCRIPTION,-199.00
2026-01-08,SWIGGY - FOOD DELIVERY,-420.00
2026-01-09,JIO POSTPAID BILL,-399.00
2026-01-10,ZOMATO - FOOD DELIVERY,-310.00
2026-01-11,AMAZON.IN - ONLINE SHOPPING,-2199.00
2026-01-12,BESCOM ELECTRICITY BILL,-1240.00
2026-01-13,APOLLO PHARMACY,-680.00
2026-01-14,DMART - GROCERIES,-2650.00
2026-01-15,UBER INDIA,-220.00
2026-01-16,CHAI POINT CAFE,-180.00
2026-01-17,AIRTEL BROADBAND,-999.00
2026-01-18,MYNTRA - FASHION SHOPPING,-1499.00
2026-01-19,CULT.FIT MEMBERSHIP,-799.00
2026-01-20,MCDONALD'S INDIA,-340.00
2026-01-21,INDIAN OIL PETROL PUMP,-2800.00
2026-01-22,BIGBASKET - GROCERY DELIVERY,-2100.00
2026-01-23,HOTSTAR PREMIUM,-299.00
2026-01-24,MEDPLUS PHARMACY,-950.00
2026-01-25,BARBEQUE NATION RESTAURANT,-1800.00
2026-01-27,ATM WITHDRAWAL - SBI BRANCH,-3000.00
2026-01-29,GOOGLE ONE STORAGE,-130.00
2026-01-31,MUTUAL FUND SIP TRANSFER,-5000.00
2026-02-01,SALARY CREDIT - INFOSYS LTD,62000.00
2026-02-02,DMART - GROCERIES,-1980.00
2026-02-03,OLA CABS,-150.00
2026-02-04,STARBUCKS INDIA,-480.00
2026-02-05,NETFLIX SUBSCRIPTION,-199.00
2026-02-06,JIO POSTPAID BILL,-399.00
2026-02-07,AJIO - CLOTHING STORE,-2499.00
2026-02-08,ZOMATO - FOOD DELIVERY,-280.00
2026-02-09,BESCOM ELECTRICITY BILL,-1380.00
2026-02-10,APOLLO PHARMACY,-540.00
2026-02-11,BIGBASKET - GROCERY DELIVERY,-2340.00
2026-02-12,PARADISE BIRYANI RESTAURANT,-860.00
2026-02-13,AMAZON.IN - ONLINE SHOPPING,-1299.00
2026-02-14,VALENTINE DINNER - THE FATTY BANTHA,-3200.00
2026-02-15,UBER INDIA,-260.00
2026-02-16,AIRTEL BROADBAND,-999.00
2026-02-17,CULT.FIT MEMBERSHIP,-799.00
2026-02-18,MEDPLUS PHARMACY,-380.00
2026-02-19,FLIPKART - ONLINE SHOPPING,-3499.00
2026-02-20,INDIAN OIL PETROL PUMP,-3200.00
2026-02-21,DMART - GROCERIES,-1750.00
2026-02-22,HOTSTAR PREMIUM,-299.00
2026-02-23,GOOGLE ONE STORAGE,-130.00
2026-02-24,FORTIS HOSPITAL - CONSULTATION,-800.00
2026-02-25,MCDONALD'S INDIA,-290.00
2026-02-27,AMAZON.IN - ONLINE SHOPPING,-4599.00
2026-02-28,SPOTIFY PREMIUM,-119.00
2026-03-01,SALARY CREDIT - INFOSYS LTD,62000.00
2026-03-02,RENT PAYMENT - PRESTIGE APARTMENTS,-18000.00
2026-03-03,BIGBASKET - GROCERY DELIVERY,-2280.00
2026-03-04,CAFE COFFEE DAY,-220.00
2026-03-05,OLA CABS,-190.00
2026-03-06,NETFLIX SUBSCRIPTION,-199.00
2026-03-07,JIO POSTPAID BILL,-399.00
2026-03-08,SWIGGY - FOOD DELIVERY,-490.00
2026-03-09,BESCOM ELECTRICITY BILL,-1190.00
2026-03-10,AMAZON.IN - ONLINE SHOPPING,-1799.00
2026-03-11,DMART - GROCERIES,-2890.00
2026-03-12,AIRTEL BROADBAND,-999.00
2026-03-13,ADIDAS INDIA - ONLINE,-4500.00
2026-03-14,UBER INDIA,-160.00
2026-03-15,APOLLO PHARMACY,-720.00
2026-03-16,CHAI POINT CAFE,-160.00
2026-03-17,CULT.FIT MEMBERSHIP,-799.00
2026-03-18,MEDPLUS PHARMACY,-430.00
2026-03-19,MYNTRA - FASHION SHOPPING,-2199.00
2026-03-20,INDIAN OIL PETROL PUMP,-2500.00
2026-03-21,HOTSTAR PREMIUM,-299.00
2026-03-22,GOOGLE ONE STORAGE,-130.00
2026-03-23,MAINLAND CHINA RESTAURANT,-2200.00
2026-03-24,SPOTIFY PREMIUM,-119.00
2026-03-25,DR SHARMA FAMILY CLINIC,-500.00
2026-03-26,BIGBASKET - GROCERY DELIVERY,-1960.00
2026-03-27,AMAZON.IN - ONLINE SHOPPING,-899.00
2026-03-28,FREELANCE PAYMENT - CLIENT PROJECT,18500.00
2026-03-29,BOX8 MEAL DELIVERY,-380.00
2026-03-30,BMTC BUS PASS,-600.00
2026-03-31,MUTUAL FUND SIP TRANSFER,-5000.00
2026-01-19,POS PURCHASE #4821,-950.00
2026-02-11,MISC DEBIT 0042,-620.00
2026-02-26,PAYMENT - REF 9920,-1480.00
2026-03-15,DEBIT MEMO 1183,-430.00
2026-03-22,TRSF DR 77412,-1100.00
